Ref_No,VM_No,DAX_Path
HEFT00001,8,D:\Resource_Schedular\WorkflowSim\config\dax\CyberShake_100.xml
HEFT00002,11,D:\Resource_Schedular\WorkflowSim\config\dax\CyberShake_1000.xml
HEFT00003,7,D:\Resource_Schedular\WorkflowSim\config\dax\CyberShake_30.xml
HEFT00004,7,D:\Resource_Schedular\WorkflowSim\config\dax\CyberShake_50.xml
HEFT00005,11,D:\Resource_Schedular\WorkflowSim\config\dax\Epigenomics_100.xml
HEFT00006,9,D:\Resource_Schedular\WorkflowSim\config\dax\Epigenomics_24.xml
HEFT00007,11,D:\Resource_Schedular\WorkflowSim\config\dax\Epigenomics_46.xml
HEFT00008,8,D:\Resource_Schedular\WorkflowSim\config\dax\Epigenomics_997.xml
HEFT00009,10,D:\Resource_Schedular\WorkflowSim\config\dax\floodplain.xml
HEFT00010,9,D:\Resource_Schedular\WorkflowSim\config\dax\HEFT_paper.xml
HEFT00011,10,D:\Resource_Schedular\WorkflowSim\config\dax\Inspiral_100.xml
HEFT00012,11,D:\Resource_Schedular\WorkflowSim\config\dax\Inspiral_1000.xml
HEFT00013,10,D:\Resource_Schedular\WorkflowSim\config\dax\Inspiral_30.xml
HEFT00014,11,D:\Resource_Schedular\WorkflowSim\config\dax\Inspiral_50.xml
HEFT00015,10,D:\Resource_Schedular\WorkflowSim\config\dax\Montage_100.xml
HEFT00016,8,D:\Resource_Schedular\WorkflowSim\config\dax\Montage_1000.xml
HEFT00017,9,D:\Resource_Schedular\WorkflowSim\config\dax\Montage_25.xml
HEFT00018,8,D:\Resource_Schedular\WorkflowSim\config\dax\Montage_50.xml
HEFT00019,11,D:\Resource_Schedular\WorkflowSim\config\dax\Sipht_100.xml
HEFT00020,7,D:\Resource_Schedular\WorkflowSim\config\dax\Sipht_1000.xml
HEFT00021,8,D:\Resource_Schedular\WorkflowSim\config\dax\Sipht_30.xml
HEFT00022,8,D:\Resource_Schedular\WorkflowSim\config\dax\Sipht_60.xml
